<?xml version="1.0" encoding="UTF-8"?>
<project-private xmlns="http://www.netbeans.org/ns/project-private/1">
    <editor-bookmarks xmlns="http://www.netbeans.org/ns/editor-bookmarks/2" lastBookmarkId="0"/>
    <open-files xmlns="http://www.netbeans.org/ns/projectui-open-files/2">
        <group>
            <file>file:/F:/Kuliah/S4/Prak%20PBO/Perpustakaan/src/DAOImplement/dataPerpusImplement.java</file>
            <file>file:/F:/Kuliah/S4/Prak%20PBO/Perpustakaan/src/connection/connector.java</file>
            <file>file:/F:/Kuliah/S4/Prak%20PBO/Perpustakaan/src/view/Perpustakaan.java</file>
            <file>file:/F:/Kuliah/S4/Prak%20PBO/Perpustakaan/src/DAOdataPerpus/dataPerpusDAO.java</file>
            <file>file:/F:/Kuliah/S4/Prak%20PBO/Perpustakaan/src/controller/dataPerpusController.java</file>
            <file>file:/F:/Kuliah/S4/Prak%20PBO/Perpustakaan/src/view/MainView.java</file>
        </group>
    </open-files>
</project-private>
